Dependency metrics,terça, 7 nov. 2023 21:00:56 WET
Class,Cyclic,Dcy,Dcy*,Dpt,Dpt*,PDcy,PDpt
net.sf.freecol.FreeCol,806,28,990,45,923,13,26
net.sf.freecol.FreeCol.LogLevel,0,0,0,1,924,0,1
net.sf.freecol.client.ClientOptions,806,25,990,39,923,6,12
net.sf.freecol.client.FreeColClient,806,37,990,294,923,15,16
net.sf.freecol.client.control.ClientInputHandler,806,6,990,1,923,4,1
net.sf.freecol.client.control.ConnectController,806,26,990,15,923,11,6
net.sf.freecol.client.control.FreeColClientHolder,806,12,990,16,923,6,4
net.sf.freecol.client.control.InGameController,806,109,990,93,923,16,11
net.sf.freecol.client.control.InGameController.MoveMode,0,0,0,1,924,0,1
net.sf.freecol.client.control.MapEditorController,806,23,990,10,923,11,5
net.sf.freecol.client.control.MapTransform,806,1,990,11,923,1,3
net.sf.freecol.client.control.PreGameController,806,29,990,20,923,12,4
net.sf.freecol.client.control.SoundController,806,8,990,4,923,5,3
net.sf.freecol.client.gui.Canvas,806,37,990,5,923,12,1
net.sf.freecol.client.gui.Canvas.ToolBoxFrame,0,0,0,1,924,0,1
net.sf.freecol.client.gui.CanvasMapEditorMouseListener,806,11,990,1,923,6,1
net.sf.freecol.client.gui.CanvasMouseListener,806,3,990,1,923,3,1
net.sf.freecol.client.gui.CanvasMouseMotionListener,806,4,990,1,923,3,1
net.sf.freecol.client.gui.ChoiceItem,806,6,990,26,923,3,6
net.sf.freecol.client.gui.FontLibrary,806,6,990,37,923,3,10
net.sf.freecol.client.gui.FontLibrary.FontType,0,0,0,1,924,0,1
net.sf.freecol.client.gui.FrameMotionListener,806,1,990,1,923,1,1
net.sf.freecol.client.gui.FreeColFrame,806,6,990,4,923,4,2
net.sf.freecol.client.gui.FullScreenFrameListener,806,2,990,1,923,2,1
net.sf.freecol.client.gui.GUI,806,71,990,153,923,15,15
net.sf.freecol.client.gui.GUI.ViewMode,0,0,0,7,924,0,4
net.sf.freecol.client.gui.GrayLayer,806,10,990,1,923,6,1
net.sf.freecol.client.gui.ImageLibrary,806,43,990,115,923,6,14
net.sf.freecol.client.gui.ImageLibrary.PathType,806,2,990,2,923,2,2
net.sf.freecol.client.gui.LoadingSavegameInfo,0,0,0,5,924,0,3
net.sf.freecol.client.gui.ModifierFormat,806,11,990,10,923,3,4
net.sf.freecol.client.gui.ScrollThread,806,4,990,1,923,4,1
net.sf.freecol.client.gui.Scrolling,806,10,990,4,923,6,2
net.sf.freecol.client.gui.Size,0,0,0,1,924,0,1
net.sf.freecol.client.gui.SplashScreen,0,0,0,2,924,0,2
net.sf.freecol.client.gui.SwingGUI,806,96,990,1,923,20,1
net.sf.freecol.client.gui.SwingGUI.PopupPosition,0,0,0,4,924,0,1
net.sf.freecol.client.gui.TilePopup,806,28,990,1,923,9,1
net.sf.freecol.client.gui.Widgets,806,111,990,2,923,10,1
net.sf.freecol.client.gui.Widgets.DialogCallback,806,6,990,1,923,3,1
net.sf.freecol.client.gui.WindowedFrameListener,806,2,990,1,923,2,1
net.sf.freecol.client.gui.action.AboutAction,806,3,990,3,923,3,3
net.sf.freecol.client.gui.action.ActionManager,806,92,990,16,923,7,8
net.sf.freecol.client.gui.action.AssignTradeRouteAction,806,5,990,2,923,4,2
net.sf.freecol.client.gui.action.AttackRangedAction,806,6,990,2,923,4,2
net.sf.freecol.client.gui.action.BuildColonyAction,806,8,990,2,923,5,2
net.sf.freecol.client.gui.action.CenterAction,806,6,990,2,923,4,2
net.sf.freecol.client.gui.action.ChangeAction,806,9,990,2,923,5,2
net.sf.freecol.client.gui.action.ChangeWindowedModeAction,806,4,990,3,923,3,2
net.sf.freecol.client.gui.action.ChatAction,806,3,990,2,923,3,2
net.sf.freecol.client.gui.action.ClearOrdersAction,806,5,990,2,923,4,2
net.sf.freecol.client.gui.action.ColopediaAction,806,4,990,2,923,3,2
net.sf.freecol.client.gui.action.ColopediaAction.PanelType,0,1,2,14,924,1,4
net.sf.freecol.client.gui.action.ContinueAction,806,7,990,2,923,7,2
net.sf.freecol.client.gui.action.DebugAction,806,5,990,1,923,4,1
net.sf.freecol.client.gui.action.DeclareIndependenceAction,806,6,990,2,923,4,2
net.sf.freecol.client.gui.action.DetermineHighSeasAction,806,5,990,2,923,5,2
net.sf.freecol.client.gui.action.DisbandUnitAction,806,5,990,2,923,4,2
net.sf.freecol.client.gui.action.DisplayBordersAction,806,5,990,2,923,3,2
net.sf.freecol.client.gui.action.DisplayFogOfWarAction,806,9,990,2,923,5,2
net.sf.freecol.client.gui.action.DisplayGridAction,806,5,990,3,923,3,2
net.sf.freecol.client.gui.action.DisplayTileTextAction,806,8,990,3,923,4,2
net.sf.freecol.client.gui.action.DisplayTileTextAction.DisplayText,0,1,2,4,924,1,2
net.sf.freecol.client.gui.action.EndTurnAction,806,4,990,3,923,3,3
net.sf.freecol.client.gui.action.EuropeAction,806,5,990,2,923,4,2
net.sf.freecol.client.gui.action.ExecuteGotoOrdersAction,806,4,990,2,923,3,2
net.sf.freecol.client.gui.action.FindSettlementAction,806,4,990,2,923,3,2
net.sf.freecol.client.gui.action.FortifyAction,806,7,990,2,923,5,2
net.sf.freecol.client.gui.action.FreeColAction,806,15,990,89,923,8,6
net.sf.freecol.client.gui.action.FreeColAction.InnerMenuKeyListener,806,1,990,1,923,1,1
net.sf.freecol.client.gui.action.GotoAction,806,6,990,2,923,5,2
net.sf.freecol.client.gui.action.GotoTileAction,806,5,990,2,923,4,2
net.sf.freecol.client.gui.action.ImprovementAction,806,10,990,1,923,5,1
net.sf.freecol.client.gui.action.LoadAction,806,13,990,2,923,5,2
net.sf.freecol.client.gui.action.MapControlsAction,806,5,990,3,923,3,2
net.sf.freecol.client.gui.action.MapEditorAction,806,3,990,2,923,3,2
net.sf.freecol.client.gui.action.MapboardAction,806,3,990,22,923,3,1
net.sf.freecol.client.gui.action.MiniMapToggleFogOfWarAction,806,6,990,1,923,4,1
net.sf.freecol.client.gui.action.MiniMapToggleViewAction,806,6,990,1,923,4,1
net.sf.freecol.client.gui.action.MiniMapZoomInAction,806,6,990,2,923,3,1
net.sf.freecol.client.gui.action.MiniMapZoomOutAction,806,6,990,2,923,3,1
net.sf.freecol.client.gui.action.MoveAction,806,8,990,1,923,5,1
net.sf.freecol.client.gui.action.NewAction,806,3,990,4,923,3,3
net.sf.freecol.client.gui.action.NewEmptyMapAction,806,7,990,2,923,5,2
net.sf.freecol.client.gui.action.OpenAction,806,4,990,4,923,3,3
net.sf.freecol.client.gui.action.PreferencesAction,806,3,990,4,923,3,3
net.sf.freecol.client.gui.action.QuitAction,806,2,990,4,923,2,3
net.sf.freecol.client.gui.action.ReconnectAction,806,3,990,2,923,3,2
net.sf.freecol.client.gui.action.RenameAction,806,5,990,2,923,4,2
net.sf.freecol.client.gui.action.ReportCargoAction,806,3,990,2,923,3,2
net.sf.freecol.client.gui.action.ReportColonyAction,806,3,990,2,923,3,2
net.sf.freecol.client.gui.action.ReportContinentalCongressAction,806,3,990,2,923,3,2
net.sf.freecol.client.gui.action.ReportEducationAction,806,3,990,2,923,3,2
net.sf.freecol.client.gui.action.ReportExplorationAction,806,3,990,2,923,3,2
net.sf.freecol.client.gui.action.ReportForeignAction,806,3,990,2,923,3,2
net.sf.freecol.client.gui.action.ReportHighScoresAction,806,3,990,2,923,3,2
net.sf.freecol.client.gui.action.ReportHistoryAction,806,3,990,2,923,3,2
net.sf.freecol.client.gui.action.ReportIndianAction,806,3,990,2,923,3,2
net.sf.freecol.client.gui.action.ReportLabourAction,806,5,990,2,923,4,2
net.sf.freecol.client.gui.action.ReportMilitaryAction,806,3,990,2,923,3,2
net.sf.freecol.client.gui.action.ReportNavalAction,806,3,990,2,923,3,2
net.sf.freecol.client.gui.action.ReportProductionAction,806,3,990,2,923,3,2
net.sf.freecol.client.gui.action.ReportReligionAction,806,3,990,2,923,3,2
net.sf.freecol.client.gui.action.ReportRequirementsAction,806,3,990,2,923,3,2
net.sf.freecol.client.gui.action.ReportTradeAction,806,3,990,2,923,3,2
net.sf.freecol.client.gui.action.ReportTurnAction,806,3,990,2,923,3,2
net.sf.freecol.client.gui.action.RetireAction,806,4,990,2,923,3,2
net.sf.freecol.client.gui.action.SaveAction,806,5,990,3,923,4,2
net.sf.freecol.client.gui.action.SaveAndQuitAction,806,5,990,2,923,4,2
net.sf.freecol.client.gui.action.ScaleMapAction,806,5,990,2,923,4,2
net.sf.freecol.client.gui.action.SelectableAction,806,5,990,7,923,3,2
net.sf.freecol.client.gui.action.SentryAction,806,7,990,2,923,5,2
net.sf.freecol.client.gui.action.ShowDifficultyAction,806,3,990,2,923,3,2
net.sf.freecol.client.gui.action.ShowGameOptionsAction,806,3,990,2,923,3,2
net.sf.freecol.client.gui.action.ShowMainAction,806,3,990,3,923,3,2
net.sf.freecol.client.gui.action.ShowMapGeneratorOptionsAction,806,3,990,2,923,3,2
net.sf.freecol.client.gui.action.SkipUnitAction,806,7,990,2,923,5,2
net.sf.freecol.client.gui.action.StartMapAction,806,10,990,2,923,7,2
net.sf.freecol.client.gui.action.TilePopupAction,806,4,990,2,923,3,2
net.sf.freecol.client.gui.action.ToggleViewModeAction,806,5,990,2,923,3,2
net.sf.freecol.client.gui.action.TradeRouteAction,806,4,990,2,923,3,2
net.sf.freecol.client.gui.action.UnitAction,806,6,990,15,923,4,1
net.sf.freecol.client.gui.action.UnloadAction,806,7,990,3,923,5,3
net.sf.freecol.client.gui.action.WaitAction,806,4,990,2,923,3,2
net.sf.freecol.client.gui.action.ZoomInAction,806,6,990,4,923,3,2
net.sf.freecol.client.gui.action.ZoomOutAction,806,6,990,4,923,3,2
net.sf.freecol.client.gui.animation.Animation,806,3,990,4,923,2,2
net.sf.freecol.client.gui.animation.Animations,806,8,990,1,923,3,1
net.sf.freecol.client.gui.animation.UnitImageAnimation,806,13,990,1,923,5,1
net.sf.freecol.client.gui.animation.UnitMoveAnimation,806,7,990,1,923,4,1
net.sf.freecol.client.gui.dialog.CaptureGoodsDialog,806,13,990,1,923,6,1
net.sf.freecol.client.gui.dialog.CaptureGoodsDialog.CheckBoxRenderer,806,2,990,1,923,2,1
net.sf.freecol.client.gui.dialog.CaptureGoodsDialog.GoodsItem,806,5,990,2,923,2,1
net.sf.freecol.client.gui.dialog.ChooseFoundingFatherDialog,806,11,990,1,923,8,1
net.sf.freecol.client.gui.dialog.ClientOptionsDialog,806,7,990,1,923,6,1
net.sf.freecol.client.gui.dialog.ConfirmDeclarationDialog,806,18,990,2,923,6,2
net.sf.freecol.client.gui.dialog.ConfirmDeclarationDialog.ColorButton,0,0,0,2,924,0,2
net.sf.freecol.client.gui.dialog.ConfirmDeclarationDialog.EnumRenderer,806,2,990,1,923,2,1
net.sf.freecol.client.gui.dialog.DifficultyDialog,806,10,990,1,923,8,1
net.sf.freecol.client.gui.dialog.DumpCargoDialog,806,11,990,1,923,6,1
net.sf.freecol.client.gui.dialog.EditOptionDialog,806,6,990,1,923,5,1
net.sf.freecol.client.gui.dialog.EditSettlementDialog,806,28,990,1,923,9,1
net.sf.freecol.client.gui.dialog.EmigrationDialog,806,12,990,1,923,6,1
net.sf.freecol.client.gui.dialog.EndTurnDialog,806,14,990,1,923,6,1
net.sf.freecol.client.gui.dialog.EndTurnDialog.UnitCellRenderer,806,5,990,1,923,4,1
net.sf.freecol.client.gui.dialog.EndTurnDialog.UnitWrapper,806,4,990,2,923,2,1
net.sf.freecol.client.gui.dialog.FirstContactDialog,806,12,990,1,923,6,1
net.sf.freecol.client.gui.dialog.Flag,0,5,5,2,924,1,2
net.sf.freecol.client.gui.dialog.Flag.Alignment,0,0,0,3,928,0,1
net.sf.freecol.client.gui.dialog.Flag.Background,0,1,1,3,925,1,2
net.sf.freecol.client.gui.dialog.Flag.Decoration,0,2,3,3,925,1,2
net.sf.freecol.client.gui.dialog.Flag.UnionPosition,0,1,1,4,926,1,2
net.sf.freecol.client.gui.dialog.Flag.UnionShape,0,0,0,4,926,0,2
net.sf.freecol.client.gui.dialog.FreeColChoiceDialog,806,7,990,3,923,6,2
net.sf.freecol.client.gui.dialog.FreeColConfirmDialog,806,7,990,8,923,6,2
net.sf.freecol.client.gui.dialog.FreeColDialog,806,13,990,30,923,7,2
net.sf.freecol.client.gui.dialog.FreeColDialog.DialogType,0,0,0,16,924,0,1
net.sf.freecol.client.gui.dialog.FreeColInputDialog,806,7,990,4,923,6,1
net.sf.freecol.client.gui.dialog.FreeColStringInputDialog,806,4,990,1,923,4,1
net.sf.freecol.client.gui.dialog.GameOptionsDialog,806,9,990,1,923,7,1
net.sf.freecol.client.gui.dialog.LoadDialog,806,6,990,1,923,4,1
net.sf.freecol.client.gui.dialog.LoadingSavegameDialog,806,6,990,1,923,6,1
net.sf.freecol.client.gui.dialog.MapGeneratorOptionsDialog,806,16,990,1,923,10,1
net.sf.freecol.client.gui.dialog.MapSizeDialog,806,4,990,1,923,3,1
net.sf.freecol.client.gui.dialog.MonarchDialog,806,11,990,1,923,6,1
net.sf.freecol.client.gui.dialog.NativeDemandDialog,806,13,990,1,923,6,1
net.sf.freecol.client.gui.dialog.NegotiationDialog,806,46,990,8,923,9,2
net.sf.freecol.client.gui.dialog.NegotiationDialog.ColonyTradeItemPanel,806,8,990,1,923,4,1
net.sf.freecol.client.gui.dialog.NegotiationDialog.GoldTradeItemPanel,806,8,990,1,923,4,1
net.sf.freecol.client.gui.dialog.NegotiationDialog.GoodsTradeItemPanel,806,10,990,1,923,4,1
net.sf.freecol.client.gui.dialog.NegotiationDialog.GoodsTradeItemPanel.GoodsBoxRenderer,806,3,990,1,923,2,1
net.sf.freecol.client.gui.dialog.NegotiationDialog.InciteTradeItemPanel,806,11,990,1,923,4,1
net.sf.freecol.client.gui.dialog.NegotiationDialog.InciteTradeItemPanel.InciteBoxRenderer,806,2,990,1,923,2,1
net.sf.freecol.client.gui.dialog.NegotiationDialog.RemoveAction,806,3,990,1,923,2,1
net.sf.freecol.client.gui.dialog.NegotiationDialog.StanceTradeItemPanel,806,9,990,1,923,4,1
net.sf.freecol.client.gui.dialog.NegotiationDialog.StanceTradeItemPanel.StanceBoxRenderer,806,2,990,1,923,2,1
net.sf.freecol.client.gui.dialog.NegotiationDialog.UnitTradeItemPanel,806,9,990,1,923,4,1
net.sf.freecol.client.gui.dialog.NegotiationDialog.UnitTradeItemPanel.UnitBoxRenderer,806,1,990,1,923,1,1
net.sf.freecol.client.gui.dialog.OptionsDialog,806,13,990,6,923,9,2
net.sf.freecol.client.gui.dialog.Parameters,0,0,0,5,924,0,3
net.sf.freecol.client.gui.dialog.ParametersDialog,806,7,990,1,923,5,1
net.sf.freecol.client.gui.dialog.PreCombatDialog,806,20,990,1,923,7,1
net.sf.freecol.client.gui.dialog.RiverStyleDialog,806,6,990,1,923,4,1
net.sf.freecol.client.gui.dialog.SaveDialog,806,5,990,1,923,3,1
net.sf.freecol.client.gui.dialog.ScaleMapSizeDialog,806,9,990,1,923,6,1
net.sf.freecol.client.gui.dialog.SelectAmountDialog,806,9,990,1,923,4,1
net.sf.freecol.client.gui.dialog.SelectDestinationDialog,806,28,990,2,923,8,2
net.sf.freecol.client.gui.dialog.SelectDestinationDialog.Destination,806,18,990,2,923,4,1
net.sf.freecol.client.gui.dialog.SelectDestinationDialog.LocationRenderer,806,5,990,1,923,4,1
net.sf.freecol.client.gui.dialog.SelectTributeAmountDialog,806,5,990,1,923,4,1
net.sf.freecol.client.gui.dialog.VictoryDialog,806,7,990,1,923,5,1
net.sf.freecol.client.gui.dialog.WarehouseDialog,806,15,990,1,923,6,1
net.sf.freecol.client.gui.dialog.WarehouseDialog.WarehouseGoodsPanel,806,18,990,1,923,7,1
net.sf.freecol.client.gui.images.BaseTileTransitionImageCreator,806,8,990,2,923,4,2
net.sf.freecol.client.gui.images.BeachTileAnimationImageCreator,806,7,990,2,923,4,2
net.sf.freecol.client.gui.images.DeltaAnimationImageCreator,806,6,990,2,923,4,2
net.sf.freecol.client.gui.images.ImageCreators,806,6,990,1,923,3,1
net.sf.freecol.client.gui.images.RiverAnimationImageCreator,806,8,990,2,923,4,2
net.sf.freecol.client.gui.label.AbstractGoodsLabel,806,8,990,7,923,6,2
net.sf.freecol.client.gui.label.FreeColLabel,0,0,0,3,924,0,1
net.sf.freecol.client.gui.label.GoodsLabel,806,24,990,8,923,7,3
net.sf.freecol.client.gui.label.GoodsTypeLabel,806,7,990,6,923,6,1
net.sf.freecol.client.gui.label.MarketLabel,806,17,990,4,923,7,2
net.sf.freecol.client.gui.label.ProductionLabel,806,11,990,7,923,7,4
net.sf.freecol.client.gui.label.UnitLabel,806,32,990,20,923,9,4
net.sf.freecol.client.gui.label.UnitLabel.UnitAction,0,0,0,2,924,0,2
net.sf.freecol.client.gui.mapviewer.CanvasMapViewer,806,6,990,1,923,6,1
net.sf.freecol.client.gui.mapviewer.ChatDisplay,806,5,990,2,923,3,1
net.sf.freecol.client.gui.mapviewer.GUIMessage,0,0,0,3,924,0,2
net.sf.freecol.client.gui.mapviewer.MapAsyncPainter,806,6,990,5,923,3,2
net.sf.freecol.client.gui.mapviewer.MapAsyncPainter.MapRendererThread,806,6,990,1,923,2,1
net.sf.freecol.client.gui.mapviewer.MapViewer,806,58,990,6,923,13,2
net.sf.freecol.client.gui.mapviewer.MapViewer.BorderType,0,0,0,1,924,0,1
net.sf.freecol.client.gui.mapviewer.MapViewer.TextSpecification,0,0,0,1,924,0,1
net.sf.freecol.client.gui.mapviewer.MapViewer.TileClippingBounds,806,5,990,1,923,2,1
net.sf.freecol.client.gui.mapviewer.MapViewerBounds,806,5,990,7,923,2,2
net.sf.freecol.client.gui.mapviewer.MapViewerRepaintManager,806,3,990,2,923,3,2
net.sf.freecol.client.gui.mapviewer.MapViewerScaledUtils,806,4,990,1,923,3,1
net.sf.freecol.client.gui.mapviewer.MapViewerState,806,10,990,3,923,3,2
net.sf.freecol.client.gui.mapviewer.RoadPainter,806,6,990,1,923,3,1
net.sf.freecol.client.gui.mapviewer.TerrainCursor,0,0,0,2,924,0,1
net.sf.freecol.client.gui.mapviewer.TileBounds,0,0,0,7,924,0,1
net.sf.freecol.client.gui.mapviewer.TileViewer,806,30,990,2,923,9,2
net.sf.freecol.client.gui.mapviewer.UnitAnimator,806,8,990,3,923,5,2
net.sf.freecol.client.gui.menu.DebugMenu,806,17,990,2,923,9,1
net.sf.freecol.client.gui.menu.FreeColMenuBar,806,11,990,4,923,5,2
net.sf.freecol.client.gui.menu.FreeColMenuTest,0,5,991,0,0,4,0
net.sf.freecol.client.gui.menu.InGameMenuBar,806,79,990,2,923,8,2
net.sf.freecol.client.gui.menu.MapEditorMenuBar,806,23,990,1,923,5,1
net.sf.freecol.client.gui.menu.MenuMouseMotionListener,806,1,990,1,923,1,1
net.sf.freecol.client.gui.option.AbstractUnitOptionUI,806,21,990,1,923,4,1
net.sf.freecol.client.gui.option.AbstractUnitOptionUI.AbstractUnitRenderer,806,4,990,1,923,4,1
net.sf.freecol.client.gui.option.AbstractUnitOptionUI.RoleRenderer,806,2,990,1,923,2,1
net.sf.freecol.client.gui.option.AudioMixerOptionUI,806,6,990,1,923,5,1
net.sf.freecol.client.gui.option.BooleanOptionUI,806,2,990,4,923,2,2
net.sf.freecol.client.gui.option.FileOptionUI,806,6,990,2,923,6,2
net.sf.freecol.client.gui.option.FreeColActionUI,806,6,990,4,923,4,2
net.sf.freecol.client.gui.option.FreeColActionUI.BlinkingLabel,806,4,990,1,923,3,1
net.sf.freecol.client.gui.option.IntegerOptionUI,806,2,990,2,923,2,1
net.sf.freecol.client.gui.option.LanguageOptionUI,806,4,990,1,923,3,1
net.sf.freecol.client.gui.option.ListOptionUI,806,8,990,1,923,6,1
net.sf.freecol.client.gui.option.ModOptionUI,806,8,990,3,923,6,1
net.sf.freecol.client.gui.option.ModOptionUI.BoxRenderer,806,4,990,1,923,4,1
net.sf.freecol.client.gui.option.ModOptionUI.ModOptionRenderer,806,5,990,1,923,5,1
net.sf.freecol.client.gui.option.OptionGroupUI,806,10,990,7,923,5,2
net.sf.freecol.client.gui.option.OptionGroupUI.OptionTree,806,3,990,1,923,3,1
net.sf.freecol.client.gui.option.OptionUI,806,37,990,18,923,8,2
net.sf.freecol.client.gui.option.PercentageOptionUI,806,4,990,1,923,2,1
net.sf.freecol.client.gui.option.RangeOptionUI,806,5,990,1,923,3,1
net.sf.freecol.client.gui.option.SelectOptionUI,806,4,990,1,923,3,1
net.sf.freecol.client.gui.option.SliderOptionUI,806,3,990,2,923,3,1
net.sf.freecol.client.gui.option.StringOptionUI,806,3,990,2,923,3,1
net.sf.freecol.client.gui.option.TextOptionUI,806,2,990,1,923,2,1
net.sf.freecol.client.gui.option.UnitTypeOptionUI,806,4,990,1,923,3,1
net.sf.freecol.client.gui.option.UnitTypeOptionUI.ChoiceRenderer,806,3,990,1,923,3,1
net.sf.freecol.client.gui.panel.AboutPanel,806,7,990,1,923,5,1
net.sf.freecol.client.gui.panel.BuildQueuePanel,806,33,990,5,923,9,2
net.sf.freecol.client.gui.panel.BuildQueuePanel.BuildQueueMouseAdapter,806,5,990,1,923,3,1
net.sf.freecol.client.gui.panel.BuildQueuePanel.BuildQueueTransferHandler,806,8,990,1,923,3,1
net.sf.freecol.client.gui.panel.BuildQueuePanel.BuildQueueTransferHandler.BuildablesTransferable,806,4,990,1,923,2,1
net.sf.freecol.client.gui.panel.BuildQueuePanel.DefaultBuildQueueCellRenderer,806,8,990,1,923,5,1
net.sf.freecol.client.gui.panel.BuildQueuePanel.IndexedBuildable,806,1,990,2,923,1,1
net.sf.freecol.client.gui.panel.BuildingPanel,806,24,990,5,923,8,2
net.sf.freecol.client.gui.panel.BuildingPanel.UpkeepLabel,806,2,990,1,923,2,1
net.sf.freecol.client.gui.panel.CargoPanel,806,17,990,11,923,4,2
net.sf.freecol.client.gui.panel.ChatPanel,806,5,990,1,923,4,1
net.sf.freecol.client.gui.panel.ColonyPanel,806,50,990,11,923,8,2
net.sf.freecol.client.gui.panel.ColonyPanel.BuildingsPanel,806,8,990,2,923,4,1
net.sf.freecol.client.gui.panel.ColonyPanel.BuildingsPanel.ASingleBuildingPanel,806,13,990,1,923,4,1
net.sf.freecol.client.gui.panel.ColonyPanel.ColonyCargoPanel,806,3,990,1,923,2,1
net.sf.freecol.client.gui.panel.ColonyPanel.ColonyInPortPanel,806,11,990,1,923,3,1
net.sf.freecol.client.gui.panel.ColonyPanel.OutsideColonyPanel,806,16,990,2,923,5,2
net.sf.freecol.client.gui.panel.ColonyPanel.PopulationPanel,806,12,990,1,923,5,1
net.sf.freecol.client.gui.panel.ColonyPanel.TilesPanel,806,13,990,2,923,4,1
net.sf.freecol.client.gui.panel.ColonyPanel.TilesPanel.ASingleTilePanel,806,30,990,2,923,8,1
net.sf.freecol.client.gui.panel.ColonyPanel.WarehousePanel,806,20,990,1,923,6,1
net.sf.freecol.client.gui.panel.ColorCellEditor,806,4,990,1,923,3,1
net.sf.freecol.client.gui.panel.ColorCellRenderer,806,2,990,1,923,2,1
net.sf.freecol.client.gui.panel.ColorChooserPanel,806,3,990,2,923,2,2
net.sf.freecol.client.gui.panel.ConstructionPanel,806,18,990,2,923,6,1
net.sf.freecol.client.gui.panel.CornerMapControls,806,15,990,2,923,7,2
net.sf.freecol.client.gui.panel.CornerMapControls.MiniMapPanelSkin,806,1,990,1,923,1,1
net.sf.freecol.client.gui.panel.DeclarationPanel,806,6,990,2,923,4,2
net.sf.freecol.client.gui.panel.DeclarationPanel.SignaturePanel,806,8,990,1,923,4,1
net.sf.freecol.client.gui.panel.DefaultTransferHandler,806,28,990,8,923,7,1
net.sf.freecol.client.gui.panel.DefaultTransferHandler.FreeColDragGestureRecognizer,0,0,0,1,924,0,1
net.sf.freecol.client.gui.panel.DefaultTransferHandler.FreeColDragHandler,806,3,990,1,923,3,1
net.sf.freecol.client.gui.panel.DragListener,806,13,990,4,923,6,1
net.sf.freecol.client.gui.panel.DropListener,806,1,990,2,923,1,1
net.sf.freecol.client.gui.panel.ErrorPanel,806,7,990,1,923,6,1
net.sf.freecol.client.gui.panel.EuropePanel,806,32,990,6,923,7,2
net.sf.freecol.client.gui.panel.EuropePanel.DestinationPanel,806,23,990,1,923,7,1
net.sf.freecol.client.gui.panel.EuropePanel.EuropeAction,0,0,0,1,924,0,1
net.sf.freecol.client.gui.panel.EuropePanel.EuropeButton,0,1,2,1,924,1,1
net.sf.freecol.client.gui.panel.EuropePanel.EuropeInPortPanel,806,5,990,1,923,2,1
net.sf.freecol.client.gui.panel.EuropePanel.EuropeanDocksPanel,806,7,990,2,923,2,2
net.sf.freecol.client.gui.panel.EuropePanel.MarketPanel,806,19,990,1,923,6,1
net.sf.freecol.client.gui.panel.EuropePanel.TransactionLog,806,8,990,1,923,3,1
net.sf.freecol.client.gui.panel.EventPanel,806,5,990,1,923,3,1
net.sf.freecol.client.gui.panel.FindSettlementPanel,806,12,990,1,923,5,1
net.sf.freecol.client.gui.panel.FindSettlementPanel.DisplayListOption,0,0,0,1,924,0,1
net.sf.freecol.client.gui.panel.FindSettlementPanel.SettlementRenderer,806,6,990,1,923,4,1
net.sf.freecol.client.gui.panel.FreeColButton,0,1,1,10,925,1,3
net.sf.freecol.client.gui.panel.FreeColButton.ButtonStyle,0,0,0,9,926,0,3
net.sf.freecol.client.gui.panel.FreeColImageBorder,806,3,990,9,923,2,5
net.sf.freecol.client.gui.panel.FreeColPanel,806,18,990,97,923,5,7
net.sf.freecol.client.gui.panel.FreeColProgressBar,806,9,990,4,923,6,3
net.sf.freecol.client.gui.panel.GoodsTypePanel,806,5,990,4,923,3,1
net.sf.freecol.client.gui.panel.ImageSelection,806,1,990,1,923,1,1
net.sf.freecol.client.gui.panel.InPortPanel,806,4,990,5,923,3,2
net.sf.freecol.client.gui.panel.IndianSettlementPanel,806,15,990,1,923,6,1
net.sf.freecol.client.gui.panel.InfoPanel,806,28,990,3,923,9,2
net.sf.freecol.client.gui.panel.InfoPanel.InfoPanelMode,0,0,0,1,924,0,1
net.sf.freecol.client.gui.panel.InformationPanel,806,12,990,2,923,4,1
net.sf.freecol.client.gui.panel.MainPanel,806,17,990,1,923,6,1
net.sf.freecol.client.gui.panel.MapControls,806,10,990,3,923,6,2
net.sf.freecol.client.gui.panel.MapEditorTransformPanel,806,25,990,4,923,7,3
net.sf.freecol.client.gui.panel.MapEditorTransformPanel.LostCityRumourTransform,806,4,990,1,923,2,1
net.sf.freecol.client.gui.panel.MapEditorTransformPanel.ResourceTransform,806,9,990,1,923,4,1
net.sf.freecol.client.gui.panel.MapEditorTransformPanel.RiverStyleTransform,806,3,990,1,923,2,1
net.sf.freecol.client.gui.panel.MapEditorTransformPanel.RiverTransform,806,7,990,1,923,2,1
net.sf.freecol.client.gui.panel.MapEditorTransformPanel.SettlementTransform,806,13,990,1,923,5,1
net.sf.freecol.client.gui.panel.MapEditorTransformPanel.TileTypeTransform,806,3,990,2,923,2,2
net.sf.freecol.client.gui.panel.MigPanel,0,0,0,57,924,0,7
net.sf.freecol.client.gui.panel.MiniMap,806,16,990,3,923,6,2
net.sf.freecol.client.gui.panel.MiniMap.MinimapPainterThread,806,1,990,1,923,1,1
net.sf.freecol.client.gui.panel.MiniMap.PrerenderedMinimap,0,0,0,1,924,0,1
net.sf.freecol.client.gui.panel.NewPanel,806,20,990,1,923,11,1
net.sf.freecol.client.gui.panel.NewPanel.NewPanelAction,0,0,0,1,924,0,1
net.sf.freecol.client.gui.panel.NewUnitPanel,806,14,990,3,923,7,2
net.sf.freecol.client.gui.panel.PlayersTable,806,23,990,6,923,6,1
net.sf.freecol.client.gui.panel.PlayersTable.AdvantageCellEditor,806,2,990,1,923,2,1
net.sf.freecol.client.gui.panel.PlayersTable.AdvantageCellRenderer,806,8,990,1,923,3,1
net.sf.freecol.client.gui.panel.PlayersTable.AvailableCellEditor,806,6,990,1,923,2,1
net.sf.freecol.client.gui.panel.PlayersTable.AvailableCellRenderer,806,4,990,1,923,2,1
net.sf.freecol.client.gui.panel.PlayersTable.HeaderListener,0,1,1,1,924,1,1
net.sf.freecol.client.gui.panel.PlayersTable.HeaderRenderer,0,0,0,2,925,0,1
net.sf.freecol.client.gui.panel.PlayersTable.NationCellRenderer,806,7,990,1,923,4,1
net.sf.freecol.client.gui.panel.PlayersTable.NationStateRenderer,806,2,990,2,923,2,1
net.sf.freecol.client.gui.panel.PlayersTable.PlayerCellEditor,806,1,990,1,923,1,1
net.sf.freecol.client.gui.panel.PlayersTable.PlayerCellRenderer,806,7,990,1,923,2,1
net.sf.freecol.client.gui.panel.PlayersTable.PlayersTableModel,806,13,990,1,923,4,1
net.sf.freecol.client.gui.panel.PortPanel,806,7,990,12,923,4,1
net.sf.freecol.client.gui.panel.PurchasePanel,806,5,990,2,923,4,1
net.sf.freecol.client.gui.panel.QuickActionMenu,806,53,990,2,923,11,1
net.sf.freecol.client.gui.panel.RecruitPanel,806,12,990,2,923,6,1
net.sf.freecol.client.gui.panel.ServerListPanel,806,9,990,1,923,6,1
net.sf.freecol.client.gui.panel.ServerListPanel.ServerListTableCellRenderer,0,0,0,1,924,0,1
net.sf.freecol.client.gui.panel.ServerListTableModel,806,3,990,1,923,2,1
net.sf.freecol.client.gui.panel.StartGamePanel,806,23,990,1,923,7,1
net.sf.freecol.client.gui.panel.StatisticsPanel,806,6,990,1,923,3,1
net.sf.freecol.client.gui.panel.StatisticsPanel.StatisticsModel,806,3,990,1,923,2,1
net.sf.freecol.client.gui.panel.StatusPanel,806,2,990,1,923,2,1
net.sf.freecol.client.gui.panel.TilePanel,806,24,990,1,923,7,1
net.sf.freecol.client.gui.panel.TradeRouteInputPanel,806,27,990,6,923,6,2
net.sf.freecol.client.gui.panel.TradeRouteInputPanel.AllGoodsTypesPanel,806,5,990,1,923,2,1
net.sf.freecol.client.gui.panel.TradeRouteInputPanel.DestinationCellRenderer,806,5,990,1,923,3,1
net.sf.freecol.client.gui.panel.TradeRouteInputPanel.StopGoodsTypesPanel,806,3,990,1,923,2,1
net.sf.freecol.client.gui.panel.TradeRouteInputPanel.StopListHandler,806,5,990,1,923,3,1
net.sf.freecol.client.gui.panel.TradeRouteInputPanel.StopListTransferable,806,2,990,1,923,2,1
net.sf.freecol.client.gui.panel.TradeRouteInputPanel.StopRenderer,806,10,990,1,923,4,1
net.sf.freecol.client.gui.panel.TradeRoutePanel,806,13,990,1,923,6,1
net.sf.freecol.client.gui.panel.TrainPanel,806,5,990,2,923,4,1
net.sf.freecol.client.gui.panel.UnitButton,806,5,990,3,923,2,2
net.sf.freecol.client.gui.panel.UnitButton.UnitButtonActionPropertyChangeListener,806,1,990,1,923,1,1
net.sf.freecol.client.gui.panel.UnitPanel,806,16,990,7,923,9,1
net.sf.freecol.client.gui.panel.Utility,806,16,990,125,923,5,10
net.sf.freecol.client.gui.panel.WorkProductionPanel,806,22,990,1,923,6,1
net.sf.freecol.client.gui.panel.WrapLayout,0,0,0,1,924,0,1
net.sf.freecol.client.gui.panel.colopedia.BuildingDetailPanel,806,21,990,1,923,8,1
net.sf.freecol.client.gui.panel.colopedia.ColopediaGameObjectTypePanel,806,22,990,8,923,8,1
net.sf.freecol.client.gui.panel.colopedia.ColopediaPanel,806,21,990,13,923,7,3
net.sf.freecol.client.gui.panel.colopedia.ColopediaTreeCellRenderer,806,4,990,1,923,3,1
net.sf.freecol.client.gui.panel.colopedia.ColopediaTreeItem,0,1,1,8,924,1,1
net.sf.freecol.client.gui.panel.colopedia.ConceptDetailPanel,806,12,990,1,923,7,1
net.sf.freecol.client.gui.panel.colopedia.ConceptDetailPanel.ConceptEditorPane,0,0,0,1,924,0,1
net.sf.freecol.client.gui.panel.colopedia.FatherDetailPanel,806,18,990,2,923,8,2
net.sf.freecol.client.gui.panel.colopedia.GoodsDetailPanel,806,19,990,1,923,7,1
net.sf.freecol.client.gui.panel.colopedia.NationDetailPanel,806,13,990,1,923,7,1
net.sf.freecol.client.gui.panel.colopedia.NationTypeDetailPanel,806,22,990,1,923,8,1
net.sf.freecol.client.gui.panel.colopedia.ResourcesDetailPanel,806,16,990,1,923,8,1
net.sf.freecol.client.gui.panel.colopedia.TerrainDetailPanel,806,18,990,1,923,8,1
net.sf.freecol.client.gui.panel.colopedia.UnitDetailPanel,806,23,990,1,923,8,1
net.sf.freecol.client.gui.panel.report.CompactLabourReport,806,22,990,1,923,7,1
net.sf.freecol.client.gui.panel.report.LabourData,806,21,990,1,923,3,1
net.sf.freecol.client.gui.panel.report.LabourData.ColonyLocationDataGetter,806,4,990,1,923,2,1
net.sf.freecol.client.gui.panel.report.LabourData.LocationData,806,2,990,5,923,1,1
net.sf.freecol.client.gui.panel.report.LabourData.ProductionData,0,0,0,3,924,0,1
net.sf.freecol.client.gui.panel.report.LabourData.UnitData,806,5,990,8,923,3,2
net.sf.freecol.client.gui.panel.report.ReportCargoPanel,806,10,990,1,923,4,1
net.sf.freecol.client.gui.panel.report.ReportClassicColonyPanel,806,22,990,1,923,8,1
net.sf.freecol.client.gui.panel.report.ReportCompactColonyPanel,806,38,990,2,923,8,2
net.sf.freecol.client.gui.panel.report.ReportCompactColonyPanel.ColonySummary,806,21,990,1,923,3,1
net.sf.freecol.client.gui.panel.report.ReportCompactColonyPanel.ColonySummary.GoodsProduction,0,1,1,2,924,1,1
net.sf.freecol.client.gui.panel.report.ReportCompactColonyPanel.ColonySummary.ProductionStatus,0,0,0,3,925,0,1
net.sf.freecol.client.gui.panel.report.ReportContinentalCongressPanel,806,19,990,1,923,7,1
net.sf.freecol.client.gui.panel.report.ReportEducationPanel,806,13,990,1,923,5,1
net.sf.freecol.client.gui.panel.report.ReportExplorationPanel,806,11,990,1,923,6,1
net.sf.freecol.client.gui.panel.report.ReportForeignAffairPanel,806,14,990,1,923,7,1
net.sf.freecol.client.gui.panel.report.ReportHighScoresPanel,806,8,990,1,923,6,1
net.sf.freecol.client.gui.panel.report.ReportHistoryPanel,806,7,990,1,923,4,1
net.sf.freecol.client.gui.panel.report.ReportIndianPanel,806,24,990,1,923,9,1
net.sf.freecol.client.gui.panel.report.ReportLabourDetailPanel,806,14,990,1,923,7,1
net.sf.freecol.client.gui.panel.report.ReportLabourPanel,806,14,990,1,923,5,1
net.sf.freecol.client.gui.panel.report.ReportLabourPanel.LabourUnitPanel,806,6,990,2,923,5,1
net.sf.freecol.client.gui.panel.report.ReportLabourPanel.LabourUnitPanelRenderer,806,1,990,1,923,1,1
net.sf.freecol.client.gui.panel.report.ReportMilitaryPanel,806,12,990,1,923,4,1
net.sf.freecol.client.gui.panel.report.ReportNavalPanel,806,10,990,1,923,4,1
net.sf.freecol.client.gui.panel.report.ReportPanel,806,15,990,19,923,5,2
net.sf.freecol.client.gui.panel.report.ReportProductionPanel,806,18,990,1,923,7,1
net.sf.freecol.client.gui.panel.report.ReportReligiousPanel,806,14,990,1,923,6,1
net.sf.freecol.client.gui.panel.report.ReportRequirementsPanel,806,25,990,1,923,7,1
net.sf.freecol.client.gui.panel.report.ReportTradePanel,806,22,990,1,923,7,1
net.sf.freecol.client.gui.panel.report.ReportTurnPanel,806,31,990,1,923,8,1
net.sf.freecol.client.gui.panel.report.ReportUnitPanel,806,23,990,3,923,8,1
net.sf.freecol.client.gui.plaf.FreeColBrightPanelUI,0,2,991,0,0,2,0
net.sf.freecol.client.gui.plaf.FreeColButtonUI,806,7,990,1,923,4,1
net.sf.freecol.client.gui.plaf.FreeColCheckBoxMenuItemUI,0,1,1,1,924,1,1
net.sf.freecol.client.gui.plaf.FreeColCheckBoxUI,806,2,990,1,923,1,1
net.sf.freecol.client.gui.plaf.FreeColCheckBoxUI.CheckBoxIcon,806,5,990,1,923,4,1
net.sf.freecol.client.gui.plaf.FreeColComboBoxRenderer,806,8,990,17,923,5,4
net.sf.freecol.client.gui.plaf.FreeColComboBoxRenderer.NormalComponent,0,0,0,1,924,0,1
net.sf.freecol.client.gui.plaf.FreeColComboBoxRenderer.SelectedComponent,0,0,0,1,924,0,1
net.sf.freecol.client.gui.plaf.FreeColComboBoxUI,806,1,990,1,923,1,1
net.sf.freecol.client.gui.plaf.FreeColFileChooserUI,0,1,1,1,924,0,1
net.sf.freecol.client.gui.plaf.FreeColFormattedTextFieldUI,806,1,990,1,923,1,1
net.sf.freecol.client.gui.plaf.FreeColLabelUI,0,1,1,1,924,1,1
net.sf.freecol.client.gui.plaf.FreeColListUI,806,3,990,1,923,3,1
net.sf.freecol.client.gui.plaf.FreeColLookAndFeel,806,27,990,1,923,3,1
net.sf.freecol.client.gui.plaf.FreeColLookAndFeel.FreeColMetalTheme,806,1,990,1,923,1,1
net.sf.freecol.client.gui.plaf.FreeColMenuBarUI,806,2,990,1,923,2,1
net.sf.freecol.client.gui.plaf.FreeColMenuItemUI,0,1,1,1,924,1,1
net.sf.freecol.client.gui.plaf.FreeColMenuUI,806,5,990,1,923,4,1
net.sf.freecol.client.gui.plaf.FreeColOptionPaneUI,806,6,990,2,923,4,2
net.sf.freecol.client.gui.plaf.FreeColPanelUI,806,2,990,1,923,2,1
net.sf.freecol.client.gui.plaf.FreeColPopupMenuUI,806,2,990,1,923,2,1
net.sf.freecol.client.gui.plaf.FreeColRadioButtonMenuItemUI,0,1,1,1,924,1,1
net.sf.freecol.client.gui.plaf.FreeColRadioButtonUI,806,2,990,1,923,1,1
net.sf.freecol.client.gui.plaf.FreeColRadioButtonUI.RadioButtonIcon,806,2,990,1,923,2,1
net.sf.freecol.client.gui.plaf.FreeColScrollPaneUI,0,1,1,1,924,1,1
net.sf.freecol.client.gui.plaf.FreeColSelectedPanelUI,0,0,0,3,924,0,2
net.sf.freecol.client.gui.plaf.FreeColSpinnerUI,0,0,0,1,924,0,1
net.sf.freecol.client.gui.plaf.FreeColTableHeaderUI,0,1,1,1,924,1,1
net.sf.freecol.client.gui.plaf.FreeColTableUI,0,1,1,1,924,1,1
net.sf.freecol.client.gui.plaf.FreeColTextAreaUI,806,3,990,1,923,3,1
net.sf.freecol.client.gui.plaf.FreeColTextFieldUI,806,3,990,2,923,3,1
net.sf.freecol.client.gui.plaf.FreeColToolTipUI,806,2,990,2,923,2,2
net.sf.freecol.client.gui.plaf.FreeColTransparentPanelUI,0,0,0,1,924,0,1
net.sf.freecol.client.gui.plaf.LAFUtilities,0,0,0,14,931,0,1
net.sf.freecol.client.gui.tooltip.BuildingToolTip,806,26,990,1,923,9,1
net.sf.freecol.client.gui.tooltip.RebelToolTip,806,21,990,1,923,7,1
net.sf.freecol.client.gui.video.VideoComponent,806,2,990,1,923,2,1
net.sf.freecol.client.networking.UserServerAPI,806,6,990,1,923,3,1
net.sf.freecol.common.FreeColException,0,0,0,44,924,0,19
net.sf.freecol.common.FreeColSeed,0,0,0,2,924,0,2
net.sf.freecol.common.debug.DebugUtils,806,64,990,8,923,15,5
net.sf.freecol.common.debug.FreeColDebugger,806,7,990,37,923,6,23
net.sf.freecol.common.debug.FreeColDebugger.DebugMode,0,0,0,26,924,0,17
net.sf.freecol.common.i18n.DefaultNumberRule,0,4,10,2,924,2,1
net.sf.freecol.common.i18n.DualNumberRule,0,2,3,2,924,1,1
net.sf.freecol.common.i18n.Messages,806,16,990,192,923,5,26
net.sf.freecol.common.i18n.NameCache,806,13,990,8,923,3,3
net.sf.freecol.common.i18n.Number,0,2,2,7,929,1,1
net.sf.freecol.common.i18n.Number.Category,0,0,0,8,930,0,1
net.sf.freecol.common.i18n.NumberRules,806,9,990,3,923,2,1
net.sf.freecol.common.i18n.OtherNumberRule,0,2,3,2,924,1,1
net.sf.freecol.common.i18n.PluralNumberRule,0,2,3,2,924,1,1
net.sf.freecol.common.i18n.Relation,0,0,0,1,926,0,1
net.sf.freecol.common.i18n.Rule,0,2,3,3,925,2,1
net.sf.freecol.common.i18n.ZeroOneNumberRule,0,2,3,2,924,1,1
net.sf.freecol.common.io.FreeColDataFile,806,7,990,11,923,4,8
net.sf.freecol.common.io.FreeColDirectories,806,7,990,30,923,5,17
net.sf.freecol.common.io.FreeColModFile,806,5,990,21,923,3,11
net.sf.freecol.common.io.FreeColRules,806,2,990,9,923,1,7
net.sf.freecol.common.io.FreeColSavegameFile,806,3,990,13,923,2,8
net.sf.freecol.common.io.FreeColTcFile,806,4,990,2,923,2,2
net.sf.freecol.common.io.FreeColXMLReader,806,12,990,253,923,4,12
net.sf.freecol.common.io.FreeColXMLReader.ReadScope,0,0,0,17,924,0,4
net.sf.freecol.common.io.FreeColXMLWriter,806,6,990,143,923,3,9
net.sf.freecol.common.io.FreeColXMLWriter.WriteScope,806,3,990,14,923,2,6
net.sf.freecol.common.io.FreeColXMLWriter.WriteScopeType,0,0,0,1,924,0,1
net.sf.freecol.common.io.sza.SimpleZippedAnimation,0,4,11,4,925,2,3
net.sf.freecol.common.io.sza.SimpleZippedAnimation.ImageAnimationEventImpl,0,3,10,1,926,2,1
net.sf.freecol.common.logging.DefaultHandler,806,5,990,1,923,5,1
net.sf.freecol.common.logging.TextFormatter,0,0,0,1,924,0,1
net.sf.freecol.common.metaserver.MetaServerUtils,806,12,990,2,923,4,2
net.sf.freecol.common.metaserver.MetaServerUtils.MetaInputHandler,806,7,990,1,923,3,1
net.sf.freecol.common.metaserver.MetaServerUtils.MetaMessageType,0,0,0,1,924,0,1
net.sf.freecol.common.metaserver.ServerInfo,0,1,2,16,924,1,6
net.sf.freecol.common.model.Ability,806,7,990,99,923,2,22
net.sf.freecol.common.model.AbstractGoods,806,9,990,115,923,2,19
net.sf.freecol.common.model.AbstractUnit,806,10,990,37,923,4,14
net.sf.freecol.common.model.BuildQueue,806,15,990,4,923,3,2
net.sf.freecol.common.model.BuildQueue.CompletionAction,0,0,0,3,924,0,2
net.sf.freecol.common.model.BuildableType,806,15,990,57,923,3,13
net.sf.freecol.common.model.Building,806,35,990,45,923,4,11
net.sf.freecol.common.model.BuildingType,806,28,990,41,923,4,11
net.sf.freecol.common.model.Colony,806,59,990,163,923,5,20
net.sf.freecol.common.model.Colony.ColonyChangeEvent,0,0,0,4,924,0,2
net.sf.freecol.common.model.Colony.NoBuildReason,0,0,0,9,924,0,3
net.sf.freecol.common.model.Colony.TileImprovementSuggestion,806,3,990,4,923,1,2
net.sf.freecol.common.model.ColonyTile,806,30,990,21,923,3,7
net.sf.freecol.common.model.ColonyTradeItem,806,12,990,6,923,4,3
net.sf.freecol.common.model.ColonyWas,806,7,990,1,923,1,1
net.sf.freecol.common.model.CombatModel,806,10,990,19,923,1,6
net.sf.freecol.common.model.CombatModel.CombatEffectType,0,0,0,9,925,0,5
net.sf.freecol.common.model.CombatModel.CombatOdds,0,0,0,6,924,0,3
net.sf.freecol.common.model.CombatModel.CombatResult,0,1,1,6,924,1,3
net.sf.freecol.common.model.Constants.ArmedUnitSettlementAction,0,0,0,2,924,0,2
net.sf.freecol.common.model.Constants.BoycottAction,0,0,0,2,924,0,2
net.sf.freecol.common.model.Constants.ClaimAction,0,0,0,2,924,0,2
net.sf.freecol.common.model.Constants.IndianDemandAction,0,0,0,10,924,0,5
net.sf.freecol.common.model.Constants.IntegrityType,0,0,0,27,924,0,4
net.sf.freecol.common.model.Constants.MissionaryAction,0,0,0,2,924,0,2
net.sf.freecol.common.model.Constants.ScoutColonyAction,0,0,0,2,924,0,2
net.sf.freecol.common.model.Constants.ScoutIndianSettlementAction,0,0,0,2,924,0,2
net.sf.freecol.common.model.Constants.TradeAction,0,0,0,2,924,0,2
net.sf.freecol.common.model.Constants.TradeBuyAction,0,0,0,2,924,0,2
net.sf.freecol.common.model.Constants.TradeSellAction,0,0,0,2,924,0,2
net.sf.freecol.common.model.DiplomaticTrade,806,23,990,21,923,3,7
net.sf.freecol.common.model.DiplomaticTrade.TradeContext,0,1,2,7,924,1,6
net.sf.freecol.common.model.DiplomaticTrade.TradeStatus,0,0,0,8,924,0,6
net.sf.freecol.common.model.Direction,806,6,990,80,923,3,14
net.sf.freecol.common.model.Disaster,806,10,990,10,923,3,4
net.sf.freecol.common.model.Disaster.Effects,0,0,0,2,924,0,2
net.sf.freecol.common.model.Effect,806,7,990,3,923,2,2
net.sf.freecol.common.model.Europe,806,36,990,52,923,6,16
net.sf.freecol.common.model.Europe.MigrationType,0,0,0,9,924,0,8
net.sf.freecol.common.model.EuropeWas,806,6,990,1,923,2,1
net.sf.freecol.common.model.EuropeanNationType,806,12,990,9,923,4,4
net.sf.freecol.common.model.Event,806,8,990,7,923,2,3
net.sf.freecol.common.model.ExportData,806,4,990,11,923,2,8
net.sf.freecol.common.model.Feature,806,17,990,18,923,4,5
net.sf.freecol.common.model.FeatureContainer,806,8,990,24,923,2,7
net.sf.freecol.common.model.Force,806,9,990,5,923,3,4
net.sf.freecol.common.model.FoundingFather,806,11,990,26,923,2,11
net.sf.freecol.common.model.FoundingFather.FoundingFatherType,0,1,2,8,924,1,6
net.sf.freecol.common.model.FreeColGameObject,806,9,990,154,923,3,23
net.sf.freecol.common.model.FreeColObject,806,17,990,380,923,4,34
net.sf.freecol.common.model.FreeColSpecObject,806,2,990,44,923,1,4
net.sf.freecol.common.model.FreeColSpecObjectType,806,13,990,57,923,3,9
net.sf.freecol.common.model.Game,806,50,990,328,923,7,27
net.sf.freecol.common.model.Game.FcgoState,0,0,0,1,924,0,1
net.sf.freecol.common.model.Game.LogoutReason,0,0,0,11,924,0,7
net.sf.freecol.common.model.GoldTradeItem,806,10,990,5,923,3,4
net.sf.freecol.common.model.Goods,806,16,990,73,923,3,15
net.sf.freecol.common.model.GoodsContainer,806,15,990,39,923,3,12
net.sf.freecol.common.model.GoodsLocation,806,13,990,55,923,3,14
net.sf.freecol.common.model.GoodsTradeItem,806,15,990,7,923,4,5
net.sf.freecol.common.model.GoodsType,806,10,990,176,923,2,18
net.sf.freecol.common.model.HighScore,806,14,990,8,923,4,6
net.sf.freecol.common.model.HighScore.ScoreLevel,0,0,0,1,924,0,1
net.sf.freecol.common.model.HighSeas,806,13,990,10,923,3,5
net.sf.freecol.common.model.HistoryEvent,806,10,990,12,923,3,8
net.sf.freecol.common.model.HistoryEvent.HistoryEventType,806,3,990,9,923,3,5
net.sf.freecol.common.model.HitpointsCombatModel,806,11,990,1,923,2,1
net.sf.freecol.common.model.InciteTradeItem,806,11,990,3,923,4,2
net.sf.freecol.common.model.IndianNationType,806,14,990,10,923,3,7
net.sf.freecol.common.model.IndianSettlement,806,36,990,66,923,5,17
net.sf.freecol.common.model.IndianSettlement.ContactLevel,0,0,0,2,924,0,1
net.sf.freecol.common.model.LandMap,806,9,990,2,923,3,1
net.sf.freecol.common.model.LastSale,806,6,990,4,923,2,3
net.sf.freecol.common.model.Limit,806,14,990,7,923,2,3
net.sf.freecol.common.model.Limit.Operator,0,0,0,3,924,0,1
net.sf.freecol.common.model.LostCityRumour,806,31,990,14,923,5,11
net.sf.freecol.common.model.LostCityRumour.RumourType,806,2,990,9,923,2,7
net.sf.freecol.common.model.Map,806,45,990,110,923,6,19
net.sf.freecol.common.model.Map.CircleIterator,806,5,990,1,923,1,1
net.sf.freecol.common.model.Map.Layer,0,0,0,12,924,0,2
net.sf.freecol.common.model.Map.MoveCandidate,806,8,990,1,923,2,1
net.sf.freecol.common.model.Map.MoveStep,0,0,0,1,924,0,1
net.sf.freecol.common.model.Map.Position,806,4,990,7,923,2,2
net.sf.freecol.common.model.Market,806,16,990,35,923,2,13
net.sf.freecol.common.model.Market.Access,0,0,0,4,924,0,3
net.sf.freecol.common.model.MarketData,806,7,990,4,923,2,3
net.sf.freecol.common.model.MarketWas,806,9,990,1,923,1,1
net.sf.freecol.common.model.ModelMessage,806,13,990,24,923,5,9
net.sf.freecol.common.model.ModelMessage.MessageType,806,3,990,17,923,3,6
net.sf.freecol.common.model.Modifier,806,10,990,66,923,3,12
net.sf.freecol.common.model.Modifier.ModifierType,0,0,0,15,924,0,4
net.sf.freecol.common.model.Monarch,806,24,990,9,923,4,7
net.sf.freecol.common.model.Monarch.MonarchAction,0,1,2,18,924,1,11
net.sf.freecol.common.model.Nation,806,12,990,43,923,4,15
net.sf.freecol.common.model.NationOptions,806,12,990,15,923,4,9
net.sf.freecol.common.model.NationOptions.Advantages,806,3,990,7,923,3,4
net.sf.freecol.common.model.NationOptions.NationState,806,3,990,18,923,3,7
net.sf.freecol.common.model.NationSummary,806,6,990,10,923,2,8
net.sf.freecol.common.model.NationType,806,11,990,34,923,3,13
net.sf.freecol.common.model.NationType.AggressionLevel,0,1,2,2,924,1,2
net.sf.freecol.common.model.NationType.SettlementNumber,0,1,2,3,924,1,3
net.sf.freecol.common.model.NativeTrade,806,12,990,9,923,2,5
net.sf.freecol.common.model.NativeTrade.NativeTradeAction,0,0,0,8,924,0,4
net.sf.freecol.common.model.NativeTradeItem,806,12,990,4,923,4,4
net.sf.freecol.common.model.ObjectWas,0,0,0,5,924,0,2
net.sf.freecol.common.model.Occupation,806,11,990,2,923,2,1
net.sf.freecol.common.model.Operand,806,17,990,4,923,4,1
net.sf.freecol.common.model.Operand.OperandType,0,0,0,3,924,0,1
net.sf.freecol.common.model.Operand.ScopeLevel,0,0,0,3,924,0,1
net.sf.freecol.common.model.PathNode,806,6,990,39,923,2,9
net.sf.freecol.common.model.Player,806,81,990,335,923,7,26
net.sf.freecol.common.model.Player.ColonyValueCategory,0,0,0,2,924,0,2
net.sf.freecol.common.model.Player.NoClaimReason,806,3,990,7,923,3,5
net.sf.freecol.common.model.Player.NoValueType,0,1,1,2,924,0,2
net.sf.freecol.common.model.Player.PlayerType,0,0,0,17,924,0,7
net.sf.freecol.common.model.PlunderType,806,6,990,2,923,2,1
net.sf.freecol.common.model.ProductionCache,806,21,990,1,923,3,1
net.sf.freecol.common.model.ProductionInfo,806,5,990,21,923,2,6
net.sf.freecol.common.model.ProductionMap,806,5,990,2,923,2,1
net.sf.freecol.common.model.ProductionMap.ProductionTree,806,5,990,1,923,2,1
net.sf.freecol.common.model.ProductionType,806,9,990,17,923,3,4
net.sf.freecol.common.model.RandomRange,806,3,990,8,923,2,2
net.sf.freecol.common.model.Region,806,15,990,23,923,4,12
net.sf.freecol.common.model.Region.RegionType,806,3,990,5,923,3,5
net.sf.freecol.common.model.Resource,806,17,990,15,923,3,7
net.sf.freecol.common.model.ResourceType,806,9,990,19,923,3,6
net.sf.freecol.common.model.Role,806,17,990,61,923,3,15
net.sf.freecol.common.model.Role.RoleChange,806,2,990,1,923,1,1
net.sf.freecol.common.model.Scope,806,6,990,18,923,4,4
net.sf.freecol.common.model.ScopeContainer,806,3,990,2,923,2,1
net.sf.freecol.common.model.Settlement,806,36,990,148,923,5,19
net.sf.freecol.common.model.SettlementType,806,10,990,19,923,2,9
net.sf.freecol.common.model.SimpleCombatModel,806,31,990,4,923,2,2
net.sf.freecol.common.model.Specification,806,65,990,262,923,5,29
net.sf.freecol.common.model.Specification.AbilityReader,806,4,990,1,923,2,1
net.sf.freecol.common.model.Specification.ModifierReader,806,4,990,1,923,2,1
net.sf.freecol.common.model.Specification.OptionReader,806,5,990,1,923,3,1
net.sf.freecol.common.model.Specification.Source,806,3,990,1,923,2,1
net.sf.freecol.common.model.Specification.TypeReader,806,5,990,1,923,2,1
net.sf.freecol.common.model.Stance,806,5,990,42,923,3,12
net.sf.freecol.common.model.StanceTradeItem,806,10,990,5,923,4,4
net.sf.freecol.common.model.StringTemplate,806,8,990,134,923,4,18
net.sf.freecol.common.model.StringTemplate.TemplateType,0,0,0,5,924,0,2
net.sf.freecol.common.model.Tension,806,3,990,23,923,2,9
net.sf.freecol.common.model.Tension.Level,0,1,2,16,924,1,7
net.sf.freecol.common.model.Tile,806,54,990,209,923,4,21
net.sf.freecol.common.model.Tile.IndianSettlementInternals,806,3,990,1,923,1,1
net.sf.freecol.common.model.TileImprovement,806,27,990,26,923,4,10
net.sf.freecol.common.model.TileImprovementStyle,806,1,990,6,923,1,3
net.sf.freecol.common.model.TileImprovementType,806,19,990,34,923,3,12
net.sf.freecol.common.model.TileItem,806,15,990,7,923,3,2
net.sf.freecol.common.model.TileItemContainer,806,27,990,10,923,3,5
net.sf.freecol.common.model.TileType,806,20,990,63,923,4,13
net.sf.freecol.common.model.TileType.RangeType,0,0,0,2,924,0,2
net.sf.freecol.common.model.TileTypeChange,806,10,990,1,923,3,1
net.sf.freecol.common.model.TradeItem,806,12,990,12,923,3,4
net.sf.freecol.common.model.TradeRoute,806,20,990,18,923,5,7
net.sf.freecol.common.model.TradeRouteStop,806,18,990,9,923,3,4
net.sf.freecol.common.model.Turn,806,4,990,61,923,2,16
net.sf.freecol.common.model.TypeCountMap,806,3,990,13,923,2,5
net.sf.freecol.common.model.Unit,806,72,990,297,923,6,25
net.sf.freecol.common.model.Unit.ClosestSettlementGoalDecider,806,6,990,1,923,2,1
net.sf.freecol.common.model.Unit.MoveType,0,0,0,37,924,0,8
net.sf.freecol.common.model.Unit.PortMode,0,0,0,1,924,0,1
net.sf.freecol.common.model.Unit.UnitLabelType,0,0,0,21,924,0,11
net.sf.freecol.common.model.Unit.UnitState,0,1,2,35,924,1,14
net.sf.freecol.common.model.UnitChangeType,806,10,990,17,923,3,8
net.sf.freecol.common.model.UnitIterator,806,3,990,1,923,2,1
net.sf.freecol.common.model.UnitLocation,806,20,990,120,923,3,20
net.sf.freecol.common.model.UnitLocation.NoAddReason,806,2,990,17,923,2,5
net.sf.freecol.common.model.UnitTradeItem,806,12,990,3,923,4,2
net.sf.freecol.common.model.UnitType,806,22,990,152,923,3,22
net.sf.freecol.common.model.UnitTypeChange,806,9,990,12,923,2,6
net.sf.freecol.common.model.UnitWas,806,23,990,2,923,2,2
net.sf.freecol.common.model.WorkLocation,806,32,990,57,923,3,12
net.sf.freecol.common.model.WorkLocation.Suggestion,806,3,990,3,923,1,2
net.sf.freecol.common.model.mission.AbstractMission,0,7,993,3,4,3,1
net.sf.freecol.common.model.mission.CompoundMission,1,10,997,1,1,3,1
net.sf.freecol.common.model.mission.GoToMission,0,8,994,1,2,3,1
net.sf.freecol.common.model.mission.ImprovementMission,0,11,994,1,2,3,1
net.sf.freecol.common.model.mission.Mission.MissionState,0,0,0,4,6,0,1
net.sf.freecol.common.model.mission.MissionManager,1,6,997,1,1,3,1
net.sf.freecol.common.model.pathfinding.BaseCostDecider,806,7,990,5,923,2,1
net.sf.freecol.common.model.pathfinding.CostDeciders,806,12,990,23,923,2,4
net.sf.freecol.common.model.pathfinding.CostDeciders.AvoidNavalDangerCostDecider,806,9,990,1,923,2,1
net.sf.freecol.common.model.pathfinding.CostDeciders.AvoidSettlementsAndBlockingUnitsCostDecider,806,7,990,2,923,2,1
net.sf.freecol.common.model.pathfinding.CostDeciders.AvoidSettlementsCostDecider,806,6,990,2,923,2,1
net.sf.freecol.common.model.pathfinding.CostDeciders.ServerBaseCostDecider,806,7,990,1,923,2,1
net.sf.freecol.common.model.pathfinding.CostDeciders.TileCostDecider,806,5,990,1,923,2,1
net.sf.freecol.common.model.pathfinding.GoalDeciders,806,16,990,11,923,3,4
net.sf.freecol.common.model.pathfinding.GoalDeciders.MultipleAdjacentDecider,806,5,990,1,923,2,1
net.sf.freecol.common.model.production.BuildingProductionCalculator,806,20,990,2,923,4,1
net.sf.freecol.common.model.production.ProductionUtils,806,12,990,2,923,1,1
net.sf.freecol.common.model.production.TileProductionCalculator,806,14,990,3,923,3,1
net.sf.freecol.common.model.production.WorkerAssignment,806,2,990,7,923,1,2
net.sf.freecol.common.networking.AbandonColonyMessage,806,12,990,1,923,6,1
net.sf.freecol.common.networking.AddPlayerMessage,806,14,990,1,923,7,1
net.sf.freecol.common.networking.AnimateAttackMessage,806,16,990,1,923,7,1
net.sf.freecol.common.networking.AnimateMoveMessage,806,16,990,1,923,7,1
net.sf.freecol.common.networking.AskSkillMessage,806,19,990,1,923,6,1
net.sf.freecol.common.networking.AssignTeacherMessage,806,14,990,1,923,6,1
net.sf.freecol.common.networking.AssignTradeRouteMessage,806,14,990,1,923,7,1
net.sf.freecol.common.networking.AttackMessage,806,16,990,1,923,6,1
net.sf.freecol.common.networking.AttackRangedMessage,806,14,990,1,923,6,1
net.sf.freecol.common.networking.AttributeMessage,806,4,990,87,923,2,1
net.sf.freecol.common.networking.BuildColonyMessage,806,13,990,1,923,6,1
net.sf.freecol.common.networking.CashInTreasureTrainMessage,806,12,990,1,923,6,1
net.sf.freecol.common.networking.ChangeSet,806,34,990,108,923,2,5
net.sf.freecol.common.networking.ChangeSet.AttackChange,806,10,990,1,923,2,1
net.sf.freecol.common.networking.ChangeSet.AttributeChange,806,4,990,1,923,2,1
net.sf.freecol.common.networking.ChangeSet.Change,806,5,990,12,923,2,1
net.sf.freecol.common.networking.ChangeSet.FeatureChange,806,7,990,1,923,2,1
net.sf.freecol.common.networking.ChangeSet.MessageChange,806,5,990,1,923,3,1
net.sf.freecol.common.networking.ChangeSet.MoveChange,806,11,990,1,923,2,1
net.sf.freecol.common.networking.ChangeSet.ObjectChange,806,12,990,1,923,2,1
net.sf.freecol.common.networking.ChangeSet.PartialObjectChange,806,6,990,1,923,2,1
net.sf.freecol.common.networking.ChangeSet.PlayerChange,806,5,990,1,923,2,1
net.sf.freecol.common.networking.ChangeSet.RemoveChange,806,11,990,2,923,2,1
net.sf.freecol.common.networking.ChangeSet.See,806,3,990,33,923,2,5
net.sf.freecol.common.networking.ChangeSet.SeeCheck,0,0,0,7,924,0,1
net.sf.freecol.common.networking.ChangeSet.SpyChange,806,7,990,1,923,2,1
net.sf.freecol.common.networking.ChangeSet.StanceChange,806,6,990,1,923,2,1
net.sf.freecol.common.networking.ChangeStateMessage,806,13,990,1,923,6,1
net.sf.freecol.common.networking.ChangeWorkImprovementTypeMessage,806,17,990,1,923,6,1
net.sf.freecol.common.networking.ChangeWorkTypeMessage,806,14,990,1,923,6,1
net.sf.freecol.common.networking.ChatMessage,806,15,990,2,923,9,2
net.sf.freecol.common.networking.ChooseFoundingFatherMessage,806,18,990,2,923,10,2
net.sf.freecol.common.networking.ClaimLandMessage,806,18,990,1,923,6,1
net.sf.freecol.common.networking.ClearSpecialityMessage,806,12,990,1,923,6,1
net.sf.freecol.common.networking.CloseMessage,806,9,990,2,923,7,1
net.sf.freecol.common.networking.Connection,806,17,990,24,923,4,11
net.sf.freecol.common.networking.ConnectionVerificationMessage,806,4,990,2,923,3,2
net.sf.freecol.common.networking.ContinueMessage,806,8,990,1,923,6,1
net.sf.freecol.common.networking.DeclareIndependenceMessage,806,11,990,1,923,6,1
net.sf.freecol.common.networking.DeclineMoundsMessage,806,16,990,1,923,6,1
net.sf.freecol.common.networking.DeleteTradeRouteMessage,806,13,990,1,923,7,1
net.sf.freecol.common.networking.DeliverGiftMessage,806,16,990,1,923,6,1
net.sf.freecol.common.networking.DemandTributeMessage,806,20,990,1,923,6,1
net.sf.freecol.common.networking.DiplomacyMessage,806,25,990,2,923,9,2
net.sf.freecol.common.networking.DisbandUnitMessage,806,12,990,1,923,6,1
net.sf.freecol.common.networking.DisconnectMessage,806,10,990,6,923,8,4
net.sf.freecol.common.networking.DisembarkMessage,806,13,990,1,923,6,1
net.sf.freecol.common.networking.EmbarkMessage,806,16,990,1,923,6,1
net.sf.freecol.common.networking.EmigrateUnitMessage,806,14,990,1,923,6,1
net.sf.freecol.common.networking.EndTurnMessage,806,8,990,1,923,6,1
net.sf.freecol.common.networking.EnterRevengeModeMessage,806,8,990,1,923,6,1
net.sf.freecol.common.networking.EquipForRoleMessage,806,14,990,1,923,6,1
net.sf.freecol.common.networking.ErrorMessage,806,13,990,1,923,8,1
net.sf.freecol.common.networking.FeatureChangeMessage,806,18,990,1,923,7,1
net.sf.freecol.common.networking.FirstContactMessage,806,15,990,2,923,9,2
net.sf.freecol.common.networking.FountainOfYouthMessage,806,9,990,1,923,7,1
net.sf.freecol.common.networking.GameEndedMessage,806,12,990,1,923,8,1
net.sf.freecol.common.networking.GameStateMessage,806,11,990,2,923,7,2
net.sf.freecol.common.networking.HighScoresMessage,806,13,990,2,923,8,2
net.sf.freecol.common.networking.InciteMessage,806,18,990,2,923,8,2
net.sf.freecol.common.networking.IndianDemandMessage,806,19,990,3,923,9,3
net.sf.freecol.common.networking.JoinColonyMessage,806,13,990,1,923,6,1
net.sf.freecol.common.networking.LearnSkillMessage,806,19,990,1,923,6,1
net.sf.freecol.common.networking.LoadGoodsMessage,806,16,990,1,923,6,1
net.sf.freecol.common.networking.LoginMessage,806,22,990,2,923,9,2
net.sf.freecol.common.networking.LogoutMessage,806,18,990,2,923,9,2
net.sf.freecol.common.networking.LootCargoMessage,806,16,990,3,923,9,3
net.sf.freecol.common.networking.Message,806,21,990,122,923,12,8
net.sf.freecol.common.networking.Message.MessagePriority,0,0,0,90,924,0,1
net.sf.freecol.common.networking.MissionaryMessage,806,20,990,1,923,6,1
net.sf.freecol.common.networking.MonarchActionMessage,806,15,990,3,923,9,3
net.sf.freecol.common.networking.MoveMessage,806,17,990,1,923,6,1
net.sf.freecol.common.networking.MoveToMessage,806,14,990,1,923,6,1
net.sf.freecol.common.networking.MultipleMessage,806,15,990,1,923,8,1
net.sf.freecol.common.networking.NationSummaryMessage,806,16,990,2,923,9,2
net.sf.freecol.common.networking.NativeGiftMessage,806,14,990,1,923,7,1
net.sf.freecol.common.networking.NativeTradeMessage,806,21,990,2,923,9,2
net.sf.freecol.common.networking.NetworkReplyObject,0,0,0,2,924,0,1
net.sf.freecol.common.networking.NewLandNameMessage,806,16,990,2,923,9,2
net.sf.freecol.common.networking.NewRegionNameMessage,806,17,990,2,923,9,2
net.sf.freecol.common.networking.NewTradeRouteMessage,806,15,990,2,923,9,2
net.sf.freecol.common.networking.NewTurnMessage,806,10,990,1,923,7,1
net.sf.freecol.common.networking.ObjectMessage,806,3,990,21,923,3,1
net.sf.freecol.common.networking.PartialMessage,806,11,990,1,923,7,1
net.sf.freecol.common.networking.PayArrearsMessage,806,12,990,1,923,6,1
net.sf.freecol.common.networking.PayForBuildingMessage,806,12,990,1,923,6,1
net.sf.freecol.common.networking.PutOutsideColonyMessage,806,13,990,1,923,6,1
net.sf.freecol.common.networking.QuestionMessage,806,5,990,2,923,4,1
net.sf.freecol.common.networking.ReadyMessage,806,13,990,2,923,8,2
net.sf.freecol.common.networking.RearrangeColonyMessage,806,17,990,1,923,6,1
net.sf.freecol.common.networking.RearrangeColonyMessage.Arrangement,806,8,990,2,923,1,2
net.sf.freecol.common.networking.ReceivingThread,806,10,990,3,923,2,1
net.sf.freecol.common.networking.ReceivingThread.QuestionThread,806,5,990,1,923,2,1
net.sf.freecol.common.networking.ReceivingThread.UpdateThread,806,4,990,1,923,2,1
net.sf.freecol.common.networking.ReconnectMessage,806,8,990,1,923,7,1
net.sf.freecol.common.networking.RegisterServerMessage,806,4,990,2,923,4,2
net.sf.freecol.common.networking.RemoveMessage,806,12,990,1,923,8,1
net.sf.freecol.common.networking.RemoveServerMessage,806,4,990,2,923,4,2
net.sf.freecol.common.networking.RenameMessage,806,13,990,1,923,6,1
net.sf.freecol.common.networking.ReplyMessage,806,5,990,2,923,4,1
net.sf.freecol.common.networking.RequestLaunchMessage,806,8,990,1,923,6,1
net.sf.freecol.common.networking.RetireMessage,806,8,990,1,923,6,1
net.sf.freecol.common.networking.ScoutIndianSettlementMessage,806,20,990,1,923,6,1
net.sf.freecol.common.networking.ScoutSpeakToChiefMessage,806,20,990,2,923,9,2
net.sf.freecol.common.networking.ServerAPI,806,104,990,10,923,3,5
net.sf.freecol.common.networking.ServerInfoMessage,806,5,990,5,923,4,2
net.sf.freecol.common.networking.ServerListMessage,806,7,990,3,923,4,2
net.sf.freecol.common.networking.SetAIMessage,806,11,990,1,923,7,1
net.sf.freecol.common.networking.SetAvailableMessage,806,15,990,2,923,8,2
net.sf.freecol.common.networking.SetBuildQueueMessage,806,15,990,1,923,7,1
net.sf.freecol.common.networking.SetColorMessage,806,15,990,2,923,8,2
net.sf.freecol.common.networking.SetCurrentPlayerMessage,806,12,990,1,923,8,1
net.sf.freecol.common.networking.SetCurrentStopMessage,806,14,990,1,923,6,1
net.sf.freecol.common.networking.SetDeadMessage,806,11,990,1,923,7,1
net.sf.freecol.common.networking.SetDestinationMessage,806,13,990,1,923,6,1
net.sf.freecol.common.networking.SetGoodsLevelsMessage,806,15,990,1,923,6,1
net.sf.freecol.common.networking.SetNationMessage,806,18,990,2,923,8,2
net.sf.freecol.common.networking.SetNationTypeMessage,806,19,990,2,923,8,2
net.sf.freecol.common.networking.SetStanceMessage,806,12,990,1,923,7,1
net.sf.freecol.common.networking.SpySettlementMessage,806,23,990,2,923,8,1
net.sf.freecol.common.networking.StartGameMessage,806,8,990,1,923,7,1
net.sf.freecol.common.networking.TrainUnitInEuropeMessage,806,13,990,1,923,6,1
net.sf.freecol.common.networking.TrivialMessage,806,20,990,15,923,8,2
net.sf.freecol.common.networking.UnloadGoodsMessage,806,15,990,1,923,6,1
net.sf.freecol.common.networking.UpdateGameOptionsMessage,806,16,990,2,923,9,2
net.sf.freecol.common.networking.UpdateMapGeneratorOptionsMessage,806,16,990,2,923,9,2
net.sf.freecol.common.networking.UpdateMessage,806,16,990,1,923,7,1
net.sf.freecol.common.networking.UpdateServerMessage,806,4,990,2,923,4,2
net.sf.freecol.common.networking.UpdateTradeRouteMessage,806,12,990,1,923,6,1
net.sf.freecol.common.networking.VacantPlayersMessage,806,11,990,2,923,7,2
net.sf.freecol.common.networking.WorkMessage,806,15,990,1,923,6,1
net.sf.freecol.common.networking.WrapperMessage,806,11,990,4,923,7,1
net.sf.freecol.common.option.AbstractOption,806,22,990,19,923,3,4
net.sf.freecol.common.option.AbstractUnitOption,806,12,990,5,923,3,3
net.sf.freecol.common.option.AudioMixerOption,806,8,990,6,923,5,4
net.sf.freecol.common.option.AudioMixerOption.MixerWrapper,0,0,0,4,924,0,4
net.sf.freecol.common.option.BooleanOption,806,5,990,8,923,3,5
net.sf.freecol.common.option.FileOption,806,7,990,5,923,4,3
net.sf.freecol.common.option.GameOptions,0,0,0,49,924,0,18
net.sf.freecol.common.option.IntegerOption,806,6,990,21,923,3,7
net.sf.freecol.common.option.LanguageOption,806,9,990,5,923,5,3
net.sf.freecol.common.option.LanguageOption.Language,806,4,990,4,923,3,4
net.sf.freecol.common.option.ListOption,806,6,990,4,923,4,3
net.sf.freecol.common.option.MapGeneratorOptions,0,0,0,11,924,0,6
net.sf.freecol.common.option.ModListOption,806,6,990,3,923,3,2
net.sf.freecol.common.option.ModOption,806,7,990,4,923,4,2
net.sf.freecol.common.option.OptionGroup,806,12,990,37,923,7,16
net.sf.freecol.common.option.PercentageOption,806,3,990,9,923,2,6
net.sf.freecol.common.option.RangeOption,806,4,990,5,923,2,3
net.sf.freecol.common.option.SelectOption,806,7,990,7,923,3,3
net.sf.freecol.common.option.StringOption,806,7,990,6,923,4,2
net.sf.freecol.common.option.TextOption,806,6,990,6,923,4,4
net.sf.freecol.common.option.UnitListOption,806,6,990,4,923,2,3
net.sf.freecol.common.option.UnitTypeOption,806,8,990,4,923,3,2
net.sf.freecol.common.option.UnitTypeOption.TypeSelector,0,0,0,2,924,0,1
net.sf.freecol.common.resources.AudioResource,806,2,990,4,923,2,2
net.sf.freecol.common.resources.ColorResource,0,1,1,3,924,1,1
net.sf.freecol.common.resources.FAFile,0,4,4,3,925,1,2
net.sf.freecol.common.resources.FAFile.CREatingInputStream,0,0,0,1,926,0,1
net.sf.freecol.common.resources.FAFile.FALetter,0,0,0,1,926,0,1
net.sf.freecol.common.resources.FAFile.FAName,0,0,0,1,926,0,1
net.sf.freecol.common.resources.FAFileResource,0,2,6,3,924,1,1
net.sf.freecol.common.resources.FontResource,0,1,1,3,924,1,1
net.sf.freecol.common.resources.ImageCache,806,4,990,7,923,2,2
net.sf.freecol.common.resources.ImageResource,1,4,7,14,929,2,7
net.sf.freecol.common.resources.PropertyList,0,0,0,3,924,0,2
net.sf.freecol.common.resources.Resource,0,0,0,16,935,0,3
net.sf.freecol.common.resources.ResourceFactory,806,9,990,1,923,1,1
net.sf.freecol.common.resources.ResourceManager,806,17,990,22,923,4,12
net.sf.freecol.common.resources.ResourceMapping,806,11,990,4,923,1,2
net.sf.freecol.common.resources.ResourceMapping.ResourceType,806,1,990,1,923,1,1
net.sf.freecol.common.resources.SZAResource,0,2,12,3,924,2,1
net.sf.freecol.common.resources.StringResource,0,1,1,4,924,1,2
net.sf.freecol.common.resources.Video,0,0,0,5,925,0,3
net.sf.freecol.common.resources.VideoResource,0,2,2,3,924,1,1
net.sf.freecol.common.sound.OggVorbisDecoderFactory,0,2,3,1,924,1,1
net.sf.freecol.common.sound.OggVorbisDecoderFactory.OggStream,0,1,1,2,926,0,1
net.sf.freecol.common.sound.OggVorbisDecoderFactory.OggVorbisAudioInputStream,0,1,2,1,925,1,1
net.sf.freecol.common.sound.SoundPlayer,806,7,990,4,923,3,3
net.sf.freecol.common.sound.SoundPlayer.SoundPlayerThread,806,6,990,1,923,5,1
net.sf.freecol.common.util.CachingFunction,0,0,0,3,933,0,2
net.sf.freecol.common.util.CollectionUtils,0,3,3,165,932,1,32
net.sf.freecol.common.util.ImageUtils,1,1,7,37,929,1,12
net.sf.freecol.common.util.Introspector,0,3,6,6,924,1,4
net.sf.freecol.common.util.Introspector.IntrospectorException,0,0,0,6,925,0,4
net.sf.freecol.common.util.LogBuilder,806,2,990,93,923,2,17
net.sf.freecol.common.util.OSUtils,0,0,0,5,924,0,4
net.sf.freecol.common.util.RandomChoice,0,1,2,23,924,1,8
net.sf.freecol.common.util.RandomUtils,0,1,1,29,926,0,8
net.sf.freecol.common.util.RandomUtils.RandomIntCache,0,1,2,3,924,1,2
net.sf.freecol.common.util.StringUtils,0,1,1,53,936,0,17
net.sf.freecol.common.util.Utils,0,1,1,67,937,0,20
net.sf.freecol.metaserver.MetaRegister,0,4,991,2,2,4,1
net.sf.freecol.metaserver.MetaServer,1,4,993,1,1,3,1
net.sf.freecol.metaserver.MetaServerHandler,1,14,993,1,1,4,1
net.sf.freecol.server.FreeColServer,806,59,990,138,923,15,15
net.sf.freecol.server.FreeColServer.ServerState,0,0,0,10,924,0,4
net.sf.freecol.server.ai.AIColony,806,52,990,19,923,4,4
net.sf.freecol.server.ai.AIGoods,806,29,990,8,923,5,2
net.sf.freecol.server.ai.AIInGameInputHandler,806,9,990,1,923,6,1
net.sf.freecol.server.ai.AIMain,806,29,990,52,923,5,7
net.sf.freecol.server.ai.AIMessage,806,27,990,18,923,3,2
net.sf.freecol.server.ai.AIObject,806,7,990,36,923,4,5
net.sf.freecol.server.ai.AIPlayer,806,38,990,57,923,9,5
net.sf.freecol.server.ai.AIServerAPI,806,3,990,1,923,2,1
net.sf.freecol.server.ai.AIUnit,806,52,990,41,923,7,6
net.sf.freecol.server.ai.Cargo,806,23,990,2,923,5,2
net.sf.freecol.server.ai.Cargo.CargoMode,0,0,0,3,924,0,2
net.sf.freecol.server.ai.Cargo.CargoPlan,806,7,990,1,923,2,1
net.sf.freecol.server.ai.ColonyPlan,806,33,990,2,923,3,1
net.sf.freecol.server.ai.ColonyPlan.BuildPlan,806,2,990,1,923,1,1
net.sf.freecol.server.ai.ColonyPlan.ProfileType,0,0,0,1,924,0,1
net.sf.freecol.server.ai.EuropeanAIPlayer,806,94,990,16,923,13,4
net.sf.freecol.server.ai.GoodsWish,806,18,990,4,923,4,2
net.sf.freecol.server.ai.MissionAIPlayer,806,25,990,10,923,5,2
net.sf.freecol.server.ai.NativeAIPlayer,806,54,990,4,923,9,1
net.sf.freecol.server.ai.REFAIPlayer,806,38,990,2,923,6,2
net.sf.freecol.server.ai.REFAIPlayer.REFNavyGoalDecider,806,6,990,1,923,2,1
net.sf.freecol.server.ai.REFAIPlayer.TargetTuple,806,4,990,1,923,2,1
net.sf.freecol.server.ai.TileImprovementPlan,806,16,990,6,923,4,2
net.sf.freecol.server.ai.TransportableAIObject,806,14,990,15,923,5,2
net.sf.freecol.server.ai.ValuedAIObject,806,5,990,8,923,3,2
net.sf.freecol.server.ai.Wish,806,16,990,8,923,4,2
net.sf.freecol.server.ai.WorkLocationPlan,806,5,990,3,923,2,1
net.sf.freecol.server.ai.WorkerWish,806,17,990,4,923,4,2
net.sf.freecol.server.ai.military.DefensiveMap,806,15,990,2,923,4,2
net.sf.freecol.server.ai.military.DefensiveMap.SearchNode,806,2,990,1,923,2,1
net.sf.freecol.server.ai.military.DefensiveZone,806,6,990,4,923,2,2
net.sf.freecol.server.ai.military.MilitaryCoordinator,806,20,990,1,923,4,1
net.sf.freecol.server.ai.mission.BuildColonyMission,806,29,990,2,923,6,1
net.sf.freecol.server.ai.mission.CashInTreasureTrainMission,806,24,990,2,923,6,1
net.sf.freecol.server.ai.mission.DefendSettlementMission,806,28,990,7,923,6,2
net.sf.freecol.server.ai.mission.EscortUnitMission,806,15,990,2,923,6,2
net.sf.freecol.server.ai.mission.IdleAtSettlementMission,806,11,990,3,923,5,1
net.sf.freecol.server.ai.mission.IndianBringGiftMission,806,24,990,2,923,6,1
net.sf.freecol.server.ai.mission.IndianDemandMission,806,35,990,2,923,7,1
net.sf.freecol.server.ai.mission.Mission,806,37,990,30,923,6,5
net.sf.freecol.server.ai.mission.MissionaryMission,806,26,990,2,923,6,1
net.sf.freecol.server.ai.mission.PioneeringMission,806,37,990,3,923,6,2
net.sf.freecol.server.ai.mission.PrivateerMission,806,27,990,4,923,6,2
net.sf.freecol.server.ai.mission.ScoutingMission,806,30,990,3,923,6,2
net.sf.freecol.server.ai.mission.TransportMission,806,38,990,8,923,7,3
net.sf.freecol.server.ai.mission.TransportMission.CargoResult,0,0,0,1,924,0,1
net.sf.freecol.server.ai.mission.UnitSeekAndDestroyMission,806,28,990,9,923,6,3
net.sf.freecol.server.ai.mission.UnitWanderHostileMission,806,11,990,6,923,5,2
net.sf.freecol.server.ai.mission.UnitWanderMission,806,7,990,1,923,5,1
net.sf.freecol.server.ai.mission.WishRealizationMission,806,20,990,2,923,6,1
net.sf.freecol.server.ai.mission.WorkInsideColonyMission,806,14,990,2,923,6,1
net.sf.freecol.server.control.Controller,806,3,990,6,923,3,4
net.sf.freecol.server.control.FreeColServerHolder,806,2,990,6,923,2,2
net.sf.freecol.server.control.InGameController,806,118,990,83,923,11,9
net.sf.freecol.server.control.PreGameController,806,22,990,11,923,6,2
net.sf.freecol.server.control.ServerInputHandler,806,10,990,1,923,6,1
net.sf.freecol.server.control.UserConnectionHandler,806,11,990,1,923,5,1
net.sf.freecol.server.generator.ColonizationMapLoader,0,11,992,0,0,2,0
net.sf.freecol.server.generator.FreeColMapLoader,0,18,992,0,0,5,0
net.sf.freecol.server.generator.River,806,16,990,1,923,5,1
net.sf.freecol.server.generator.River.DirectionChange,806,1,990,1,923,1,1
net.sf.freecol.server.generator.RiverSection,806,3,990,2,923,1,1
net.sf.freecol.server.generator.SimpleMapGenerator,806,59,990,2,923,7,2
net.sf.freecol.server.generator.SimpleMapGenerator.Territory,806,4,990,1,923,2,1
net.sf.freecol.server.generator.TerrainGenerator,806,29,990,2,923,5,2
net.sf.freecol.server.model.DiplomacySession,806,16,990,2,923,3,2
net.sf.freecol.server.model.LootSession,806,4,990,2,923,3,2
net.sf.freecol.server.model.MonarchSession,806,7,990,2,923,3,2
net.sf.freecol.server.model.NativeDemandSession,806,14,990,1,923,3,1
net.sf.freecol.server.model.NativeTradeSession,806,5,990,1,923,3,1
net.sf.freecol.server.model.ServerBuilding,806,23,990,13,923,4,6
net.sf.freecol.server.model.ServerColony,806,47,990,12,923,5,6
net.sf.freecol.server.model.ServerColonyTile,806,20,990,2,923,4,2
net.sf.freecol.server.model.ServerEurope,806,26,990,4,923,6,3
net.sf.freecol.server.model.ServerGame,806,46,990,12,923,7,7
net.sf.freecol.server.model.ServerIndianSettlement,806,35,990,9,923,5,6
net.sf.freecol.server.model.ServerPlayer,806,96,990,124,923,9,12
net.sf.freecol.server.model.ServerPlayer.DeadCheck,0,0,0,3,924,0,2
net.sf.freecol.server.model.ServerRegion,806,18,990,7,923,4,3
net.sf.freecol.server.model.ServerUnit,806,63,990,61,923,6,12
net.sf.freecol.server.model.Session,806,3,990,10,923,2,3
net.sf.freecol.server.model.TimedSession,806,2,990,2,923,2,1
net.sf.freecol.server.networking.DummyConnection,806,3,990,2,923,2,2
net.sf.freecol.server.networking.Server,806,5,990,3,923,3,3
net.sf.freecol.tools.ColonizationMapReader,0,1,1,0,0,0,0
net.sf.freecol.tools.ColonizationSaveGameReader,2,4,5,2,2,1,1
net.sf.freecol.tools.ColonizationSaveGameReader.Colonist,0,0,0,1,3,0,1
net.sf.freecol.tools.ColonizationSaveGameReader.ColonyData,2,2,5,1,2,1,1
net.sf.freecol.tools.ColonizationSaveGameReader.GameData,0,0,0,1,3,0,1
net.sf.freecol.tools.ColonizationSaveGameReader.PlayerData,2,1,5,1,2,1,1
net.sf.freecol.tools.DesktopEntry,0,1,2,0,0,1,0
net.sf.freecol.tools.FSGConverter,0,2,991,0,0,1,0
net.sf.freecol.tools.FlagTest,0,8,991,0,0,1,0
net.sf.freecol.tools.ForestMaker,0,2,2,0,0,1,0
net.sf.freecol.tools.ForestMaker.ImageLocation,0,0,0,1,1,0,1
net.sf.freecol.tools.GenerateDocumentation,0,4,991,0,0,3,0
net.sf.freecol.tools.InstallerTranslations,0,2,2,0,0,1,0
net.sf.freecol.tools.MapConverter,0,7,991,0,0,4,0
net.sf.freecol.tools.MergeTranslations,0,2,2,0,0,1,0
net.sf.freecol.tools.RiverMaker,0,1,1,0,0,0,0
net.sf.freecol.tools.SaveGameValidator,0,2,991,0,0,1,0
net.sf.freecol.tools.Texture2Tile,0,2,8,0,0,1,0
net.sf.freecol.tools.TranslationReport,0,2,2,0,0,1,0
net.sf.freecol.tools.TranslationReport.LanguageStatsRecord,0,0,0,1,1,0,1

Interface,Cyclic,Dcy,Dcy*,Dpt,Dpt*,PDcy,PDpt
net.sf.freecol.client.gui.DialogHandler,0,0,0,12,924,0,5
net.sf.freecol.client.gui.animation.Animations.Procedure,0,0,0,4,924,0,2
net.sf.freecol.client.gui.label.CargoLabel,806,2,990,4,923,2,2
net.sf.freecol.client.gui.label.Draggable,0,0,0,4,924,0,2
net.sf.freecol.client.gui.mapviewer.MapViewer.TileRenderingCallback,806,1,990,1,923,1,1
net.sf.freecol.client.gui.option.OptionUpdater,0,0,0,2,924,0,1
net.sf.freecol.client.gui.panel.DropTarget,806,3,990,10,923,1,1
net.sf.freecol.client.gui.panel.MiniMap.TileRenderingCallback,806,1,990,1,923,1,1
net.sf.freecol.client.gui.panel.colopedia.ColopediaDetailPanel,0,0,0,4,925,0,1
net.sf.freecol.client.gui.panel.report.LabourData.LocationData.Getter,806,2,990,2,923,1,1
net.sf.freecol.client.gui.video.VideoListener,0,0,0,0,0,0,0
net.sf.freecol.common.ObjectWithId,0,0,0,12,924,0,7
net.sf.freecol.common.i18n.Selector,0,0,0,2,930,0,1
net.sf.freecol.common.io.sza.AnimationEvent,0,0,0,4,928,0,2
net.sf.freecol.common.io.sza.ImageAnimationEvent,0,1,1,3,927,1,2
net.sf.freecol.common.model.BaseProduction,806,4,990,7,923,1,2
net.sf.freecol.common.model.Constants,0,0,0,43,924,0,11
net.sf.freecol.common.model.Consumer,806,2,990,14,923,1,5
net.sf.freecol.common.model.FreeColGameObjectListener,806,2,990,2,923,1,2
net.sf.freecol.common.model.Locatable,806,2,990,22,923,1,3
net.sf.freecol.common.model.Location,806,10,990,120,923,2,19
net.sf.freecol.common.model.Map.SearchHeuristic,806,1,990,2,923,1,1
net.sf.freecol.common.model.Movable,0,0,0,1,924,0,1
net.sf.freecol.common.model.Nameable,0,0,0,11,924,0,7
net.sf.freecol.common.model.Named,0,0,0,24,924,0,6
net.sf.freecol.common.model.Ownable,806,1,990,26,923,1,9
net.sf.freecol.common.model.Specification.ChildReader,806,1,990,5,923,1,1
net.sf.freecol.common.model.TradeLocation,806,1,990,7,923,1,3
net.sf.freecol.common.model.TransactionListener,806,1,990,3,923,1,2
net.sf.freecol.common.model.mission.Mission,0,3,992,3,5,3,1
net.sf.freecol.common.model.pathfinding.CostDecider,806,2,990,21,923,1,5
net.sf.freecol.common.model.pathfinding.GoalDecider,806,2,990,18,923,1,4
net.sf.freecol.common.networking.MessageHandler,806,3,990,11,923,2,9
net.sf.freecol.common.option.Option,806,3,990,16,923,2,7
net.sf.freecol.common.option.OptionContainer,806,14,990,78,923,3,21
net.sf.freecol.common.resources.Resource.Cleanable,0,0,0,1,930,0,1
net.sf.freecol.common.resources.ResourceMapping.PreloadController,0,0,0,2,924,0,1
net.sf.freecol.server.generator.MapGenerator,806,3,990,4,923,2,3
net.sf.freecol.server.generator.MapLayerGenerator,0,2,991,0,0,1,0
net.sf.freecol.server.generator.MapLoader,0,2,991,2,2,1,1
net.sf.freecol.server.model.TurnTaker,806,2,990,8,923,2,1

Package,Cyclic,PDcy,PDpt,PDpt*
,0,0,0,n/a
net.sf.freecol,43,14,26,47
net.sf.freecol.client,43,16,17,47
net.sf.freecol.client.control,43,19,12,47
net.sf.freecol.client.gui,43,26,19,47
net.sf.freecol.client.gui.action,43,13,8,47
net.sf.freecol.client.gui.animation,43,5,1,47
net.sf.freecol.client.gui.dialog,43,19,3,47
net.sf.freecol.client.gui.images,43,4,1,47
net.sf.freecol.client.gui.label,43,11,4,47
net.sf.freecol.client.gui.mapviewer,43,13,1,47
net.sf.freecol.client.gui.menu,43,11,1,47
net.sf.freecol.client.gui.option,43,12,2,47
net.sf.freecol.client.gui.panel,43,20,13,47
net.sf.freecol.client.gui.panel.colopedia,43,7,2,47
net.sf.freecol.client.gui.panel.report,43,11,2,47
net.sf.freecol.client.gui.plaf,43,8,4,47
net.sf.freecol.client.gui.tooltip,43,10,1,47
net.sf.freecol.client.gui.video,43,2,1,47
net.sf.freecol.client.networking,43,3,1,47
net.sf.freecol.common,43,5,23,47
net.sf.freecol.common.debug,43,14,22,47
net.sf.freecol.common.i18n,43,6,26,47
net.sf.freecol.common.io,43,9,25,47
net.sf.freecol.common.io.sza,43,1,3,47
net.sf.freecol.common.logging,43,4,1,47
net.sf.freecol.common.metaserver,43,4,5,47
net.sf.freecol.common.model,43,16,37,47
net.sf.freecol.common.model.mission,0,2,0,1
net.sf.freecol.common.model.pathfinding,43,2,6,47
net.sf.freecol.common.model.production,43,3,1,47
net.sf.freecol.common.networking,43,15,11,47
net.sf.freecol.common.option,43,8,26,47
net.sf.freecol.common.resources,43,5,15,47
net.sf.freecol.common.sound,43,8,2,47
net.sf.freecol.common.util,43,3,40,47
net.sf.freecol.metaserver,0,5,0,1
net.sf.freecol.server,43,15,16,47
net.sf.freecol.server.ai,43,17,9,47
net.sf.freecol.server.ai.military,43,4,2,47
net.sf.freecol.server.ai.mission,43,11,4,47
net.sf.freecol.server.control,43,13,9,47
net.sf.freecol.server.generator,43,10,4,47
net.sf.freecol.server.model,43,13,13,47
net.sf.freecol.server.networking,43,4,4,47
net.sf.freecol.tools,0,7,0,1

